EPC,SKU,Store_Code,Zone,Tag_Type,Encoded_Date,Notes
3007257BF400B71400000007,PANT-DEN-BLU-28,LK001,SALES_FLOOR,GS1_SGTIN96,2026-06-24,Real GS1 tag
3009257BF400B71400000009,PANT-DEN-BLU-30,LK001,SALES_FLOOR,GS1_SGTIN96,2026-06-24,Real GS1 tag
300a257BF400B7140000000A,PANT-DEN-BLU-32,LK001,SALES_FLOOR,GS1_SGTIN96,2026-06-24,Real GS1 tag
300c257BF400B7140000000C,PANT-DEN-BLU-34,LK001,BACK_ROOM,GS1_SGTIN96,2026-06-24,Real GS1 tag
300d257BF400B7140000000D,PANT-DEN-BLK-30,LK001,SALES_FLOOR,GS1_SGTIN96,2026-06-24,Real GS1 tag
3012257BF400B71400000012,PANT-DEN-BLK-32,LK001,SALES_FLOOR,GS1_SGTIN96,2026-06-24,Real GS1 tag
3013257BF400B71400000013,PANT-DEN-BLK-34,LK001,SALES_FLOOR,GS1_SGTIN96,2026-06-24,Real GS1 tag
3014257BF400B71400000014,TROP-CHI-KHA-30,LK001,BACK_ROOM,GS1_SGTIN96,2026-06-24,Real GS1 tag
3015257BF400B71400000015,TROP-CHI-KHA-32,LK001,SALES_FLOOR,GS1_SGTIN96,2026-06-24,Real GS1 tag
3017257BF400B71400000017,TROP-CHI-NAV-30,LK001,SALES_FLOOR,GS1_SGTIN96,2026-06-24,Real GS1 tag
3018257BF400B71400000018,TROP-CHI-NAV-32,LK001,SALES_FLOOR,GS1_SGTIN96,2026-06-24,Real GS1 tag
301b257BF400B7140000001B,SHRT-FRM-WHT-S,LK001,BACK_ROOM,GS1_SGTIN96,2026-06-24,Real GS1 tag
301c257BF400B7140000001C,SHRT-FRM-WHT-M,LK001,SALES_FLOOR,GS1_SGTIN96,2026-06-24,Real GS1 tag
3020257BF400B71400000020,SHRT-FRM-WHT-L,LK001,SALES_FLOOR,GS1_SGTIN96,2026-06-24,Real GS1 tag
3022257BF400B71400000022,SHRT-FRM-WHT-XL,LK001,SALES_FLOOR,GS1_SGTIN96,2026-06-24,Real GS1 tag
3023257BF400B71400000023,SHRT-FRM-BLU-M,LK001,BACK_ROOM,GS1_SGTIN96,2026-06-24,Real GS1 tag
3024257BF400B71400000024,SHRT-FRM-BLU-L,LK001,SALES_FLOOR,GS1_SGTIN96,2026-06-24,Real GS1 tag
3025257BF400B71400000025,TSHRT-CRW-WHT-S,LK001,SALES_FLOOR,GS1_SGTIN96,2026-06-24,Real GS1 tag
3026257BF400B71400000026,TSHRT-CRW-WHT-M,LK001,SALES_FLOOR,GS1_SGTIN96,2026-06-24,Real GS1 tag
3028257BF400B71400000028,TSHRT-CRW-WHT-L,LK001,BACK_ROOM,GS1_SGTIN96,2026-06-24,Real GS1 tag
302a257BF400B7140000002A,TSHRT-CRW-BLK-M,LK001,SALES_FLOOR,GS1_SGTIN96,2026-06-24,Real GS1 tag
302b257BF400B7140000002B,TSHRT-CRW-BLK-L,LK001,SALES_FLOOR,GS1_SGTIN96,2026-06-24,Real GS1 tag
302c257BF400B7140000002C,TSHRT-CRW-NVY-M,LK001,SALES_FLOOR,GS1_SGTIN96,2026-06-24,Real GS1 tag
3030257BF400B71400000030,POLO-SLM-WHT-M,LK001,BACK_ROOM,GS1_SGTIN96,2026-06-24,Real GS1 tag
3033257BF400B71400000033,POLO-SLM-WHT-L,LK001,SALES_FLOOR,GS1_SGTIN96,2026-06-24,Real GS1 tag
3034257BF400B71400000034,POLO-SLM-BLU-M,LK001,SALES_FLOOR,GS1_SGTIN96,2026-06-24,Real GS1 tag
3039257BF400B71400000039,KURTA-CTN-WHT-M,LK001,SALES_FLOOR,GS1_SGTIN96,2026-06-24,Real GS1 tag
30395DFA82CEDAC00001A88A,KURTA-CTN-WHT-L,LK001,BACK_ROOM,GS1_SGTIN96,2026-06-24,Real GS1 tag
30395DFA82CEDAC00001A88A,KURTA-CTN-BEI-M,LK001,SALES_FLOOR,GS1_SGTIN96,2026-06-24,Real GS1 tag
30395DFA82CEDAC00001A88A,KURTA-CTN-BEI-L,LK001,SALES_FLOOR,GS1_SGTIN96,2026-06-24,Real GS1 tag
30395DFA82CEDAC00001A88A,JACK-DEN-BLU-M,LK001,SALES_FLOOR,GS1_SGTIN96,2026-06-24,Real GS1 tag
30395DFA82CEDAC00001A88A,JACK-DEN-BLU-L,LK001,BACK_ROOM,GS1_SGTIN96,2026-06-24,Real GS1 tag
30395DFA82D061C0000C55E3,JACK-WIN-BLK-M,LK001,SALES_FLOOR,GS1_SGTIN96,2026-06-24,Real GS1 tag
30395DFA82D061C0000C55E3,JACK-WIN-BLK-L,LK001,SALES_FLOOR,GS1_SGTIN96,2026-06-24,Real GS1 tag
30395DFA82FABF80002C6984,PANT-DEN-BLU-28,LK001,SALES_FLOOR,GS1_SGTIN96,2026-06-24,Real GS1 tag
30395DFA82FAC1C0007546F5,PANT-DEN-BLU-30,LK001,BACK_ROOM,GS1_SGTIN96,2026-06-24,Real GS1 tag
303ACA498179F1199C82DEBE,PANT-DEN-BLU-32,LK001,SALES_FLOOR,GS1_SGTIN96,2026-06-24,Real GS1 tag
303ACA498179F1199C82DEBE,PANT-DEN-BLU-34,LK001,SALES_FLOOR,GS1_SGTIN96,2026-06-24,Real GS1 tag
303a257BF400B7140000003A,PANT-DEN-BLK-30,LK001,SALES_FLOOR,GS1_SGTIN96,2026-06-24,Real GS1 tag
303e257BF400B7140000003E,PANT-DEN-BLK-32,LK001,BACK_ROOM,GS1_SGTIN96,2026-06-24,Real GS1 tag
303f257BF400B7140000003F,PANT-DEN-BLK-34,LK001,SALES_FLOOR,GS1_SGTIN96,2026-06-24,Real GS1 tag
3043257BF400B71400000043,TROP-CHI-KHA-30,LK001,SALES_FLOOR,GS1_SGTIN96,2026-06-24,Real GS1 tag
3048257BF400B71400000048,TROP-CHI-KHA-32,LK001,SALES_FLOOR,GS1_SGTIN96,2026-06-24,Real GS1 tag
3049257BF400B71400000049,TROP-CHI-NAV-30,LK001,BACK_ROOM,GS1_SGTIN96,2026-06-24,Real GS1 tag
304a257BF400B7140000004A,TROP-CHI-NAV-32,LK001,SALES_FLOOR,GS1_SGTIN96,2026-06-24,Real GS1 tag
304b257BF400B7140000004B,SHRT-FRM-WHT-S,LK001,SALES_FLOOR,GS1_SGTIN96,2026-06-24,Real GS1 tag
304d257BF400B7140000004D,SHRT-FRM-WHT-M,LK001,SALES_FLOOR,GS1_SGTIN96,2026-06-24,Real GS1 tag
3054257BF400B71400000054,SHRT-FRM-WHT-L,LK001,BACK_ROOM,GS1_SGTIN96,2026-06-24,Real GS1 tag
3055257BF400B71400000055,SHRT-FRM-WHT-XL,LK001,SALES_FLOOR,GS1_SGTIN96,2026-06-24,Real GS1 tag
3057257BF400B71400000057,SHRT-FRM-BLU-M,LK001,SALES_FLOOR,GS1_SGTIN96,2026-06-24,Real GS1 tag
305b257BF400B7140000005B,SHRT-FRM-BLU-L,LK001,SALES_FLOOR,GS1_SGTIN96,2026-06-24,Real GS1 tag
305e257BF400B7140000005E,TSHRT-CRW-WHT-S,LK001,BACK_ROOM,GS1_SGTIN96,2026-06-24,Real GS1 tag
305f257BF400B7140000005F,TSHRT-CRW-WHT-M,LK001,SALES_FLOOR,GS1_SGTIN96,2026-06-24,Real GS1 tag
3061257BF400B71400000061,TSHRT-CRW-WHT-L,LK001,SALES_FLOOR,GS1_SGTIN96,2026-06-24,Real GS1 tag
3062257BF400B71400000062,TSHRT-CRW-BLK-M,LK001,SALES_FLOOR,GS1_SGTIN96,2026-06-24,Real GS1 tag
3063257BF400B71400000063,TSHRT-CRW-BLK-L,LK001,BACK_ROOM,GS1_SGTIN96,2026-06-24,Real GS1 tag
3066257BF400B71400000066,TSHRT-CRW-NVY-M,LK001,SALES_FLOOR,GS1_SGTIN96,2026-06-24,Real GS1 tag
306a257BF400B7140000006A,POLO-SLM-WHT-M,LK001,SALES_FLOOR,GS1_SGTIN96,2026-06-24,Real GS1 tag
306c257BF400B7140000006C,POLO-SLM-WHT-L,LK001,SALES_FLOOR,GS1_SGTIN96,2026-06-24,Real GS1 tag
306e257BF400B7140000006E,POLO-SLM-BLU-M,LK001,BACK_ROOM,GS1_SGTIN96,2026-06-24,Real GS1 tag
306f257BF400B7140000006F,KURTA-CTN-WHT-M,LK001,SALES_FLOOR,GS1_SGTIN96,2026-06-24,Real GS1 tag
3070257BF400B71400000070,KURTA-CTN-WHT-L,LK001,SALES_FLOOR,GS1_SGTIN96,2026-06-24,Real GS1 tag
3072257BF400B71400000072,KURTA-CTN-BEI-M,LK001,SALES_FLOOR,GS1_SGTIN96,2026-06-24,Real GS1 tag
3073257BF400B71400000073,KURTA-CTN-BEI-L,LK001,BACK_ROOM,GS1_SGTIN96,2026-06-24,Real GS1 tag
3074257BF400B71400000074,JACK-DEN-BLU-M,LK001,SALES_FLOOR,GS1_SGTIN96,2026-06-24,Real GS1 tag
3076257BF400B71400000076,JACK-DEN-BLU-L,LK001,SALES_FLOOR,GS1_SGTIN96,2026-06-24,Real GS1 tag
3078257BF400B71400000078,JACK-WIN-BLK-M,LK001,SALES_FLOOR,GS1_SGTIN96,2026-06-24,Real GS1 tag
3079257BF400B71400000079,JACK-WIN-BLK-L,LK001,BACK_ROOM,GS1_SGTIN96,2026-06-24,Real GS1 tag
307f257BF400B7140000007F,PANT-DEN-BLU-28,LK001,SALES_FLOOR,GS1_SGTIN96,2026-06-24,Real GS1 tag
3083257BF400B71400000083,PANT-DEN-BLU-30,LK001,SALES_FLOOR,GS1_SGTIN96,2026-06-24,Real GS1 tag
3084257BF400B71400000084,PANT-DEN-BLU-32,LK001,SALES_FLOOR,GS1_SGTIN96,2026-06-24,Real GS1 tag
3085257BF400B71400000085,PANT-DEN-BLU-34,LK001,BACK_ROOM,GS1_SGTIN96,2026-06-24,Real GS1 tag
3087257BF400B71400000087,PANT-DEN-BLK-30,LK001,SALES_FLOOR,GS1_SGTIN96,2026-06-24,Real GS1 tag
3088257BF400B71400000088,PANT-DEN-BLK-32,LK001,SALES_FLOOR,GS1_SGTIN96,2026-06-24,Real GS1 tag
3089257BF400B71400000089,PANT-DEN-BLK-34,LK001,SALES_FLOOR,GS1_SGTIN96,2026-06-24,Real GS1 tag
308a257BF400B7140000008A,TROP-CHI-KHA-30,LK001,BACK_ROOM,GS1_SGTIN96,2026-06-24,Real GS1 tag
308d257BF400B7140000008D,TROP-CHI-KHA-32,LK001,SALES_FLOOR,GS1_SGTIN96,2026-06-24,Real GS1 tag
308e257BF400B7140000008E,TROP-CHI-NAV-30,LK001,SALES_FLOOR,GS1_SGTIN96,2026-06-24,Real GS1 tag
308f257BF400B7140000008F,TROP-CHI-NAV-32,LK001,SALES_FLOOR,GS1_SGTIN96,2026-06-24,Real GS1 tag
3090257BF400B71400000090,SHRT-FRM-WHT-S,LK001,BACK_ROOM,GS1_SGTIN96,2026-06-24,Real GS1 tag
3092257BF400B71400000092,SHRT-FRM-WHT-M,LK001,SALES_FLOOR,GS1_SGTIN96,2026-06-24,Real GS1 tag
3093257BF400B71400000093,SHRT-FRM-WHT-L,LK001,SALES_FLOOR,GS1_SGTIN96,2026-06-24,Real GS1 tag
3094257BF400B71400000094,SHRT-FRM-WHT-XL,LK001,SALES_FLOOR,GS1_SGTIN96,2026-06-24,Real GS1 tag
3095257BF400B71400000095,SHRT-FRM-BLU-M,LK001,BACK_ROOM,GS1_SGTIN96,2026-06-24,Real GS1 tag
3097257BF400B71400000097,SHRT-FRM-BLU-L,LK001,SALES_FLOOR,GS1_SGTIN96,2026-06-24,Real GS1 tag
3098257BF400B71400000098,TSHRT-CRW-WHT-S,LK001,SALES_FLOOR,GS1_SGTIN96,2026-06-24,Real GS1 tag
309a257BF400B7140000009A,TSHRT-CRW-WHT-M,LK001,SALES_FLOOR,GS1_SGTIN96,2026-06-24,Real GS1 tag
309b257BF400B7140000009B,TSHRT-CRW-WHT-L,LK001,BACK_ROOM,GS1_SGTIN96,2026-06-24,Real GS1 tag
309f257BF400B7140000009F,TSHRT-CRW-BLK-M,LK001,SALES_FLOOR,GS1_SGTIN96,2026-06-24,Real GS1 tag
30a0257BF400B714000000A0,TSHRT-CRW-BLK-L,LK001,SALES_FLOOR,GS1_SGTIN96,2026-06-24,Real GS1 tag
30a2257BF400B714000000A2,TSHRT-CRW-NVY-M,LK001,SALES_FLOOR,GS1_SGTIN96,2026-06-24,Real GS1 tag
30a5257BF400B714000000A5,POLO-SLM-WHT-M,LK001,BACK_ROOM,GS1_SGTIN96,2026-06-24,Real GS1 tag
30a6257BF400B714000000A6,POLO-SLM-WHT-L,LK001,SALES_FLOOR,GS1_SGTIN96,2026-06-24,Real GS1 tag
30a7257BF400B714000000A7,POLO-SLM-BLU-M,LK001,SALES_FLOOR,GS1_SGTIN96,2026-06-24,Real GS1 tag
30a8257BF400B714000000A8,KURTA-CTN-WHT-M,LK001,SALES_FLOOR,GS1_SGTIN96,2026-06-24,Real GS1 tag
30a9257BF400B714000000A9,KURTA-CTN-WHT-L,LK001,BACK_ROOM,GS1_SGTIN96,2026-06-24,Real GS1 tag
30ab257BF400B714000000AB,KURTA-CTN-BEI-M,LK001,SALES_FLOOR,GS1_SGTIN96,2026-06-24,Real GS1 tag
30ac257BF400B714000000AC,KURTA-CTN-BEI-L,LK001,SALES_FLOOR,GS1_SGTIN96,2026-06-24,Real GS1 tag
30ad257BF400B714000000AD,JACK-DEN-BLU-M,LK001,SALES_FLOOR,GS1_SGTIN96,2026-06-24,Real GS1 tag
30af257BF400B714000000AF,JACK-DEN-BLU-L,LK001,BACK_ROOM,GS1_SGTIN96,2026-06-24,Real GS1 tag
30b3257BF400B714000000B3,JACK-WIN-BLK-M,LK001,SALES_FLOOR,GS1_SGTIN96,2026-06-24,Real GS1 tag
30b5257BF400B714000000B5,JACK-WIN-BLK-L,LK001,SALES_FLOOR,GS1_SGTIN96,2026-06-24,Real GS1 tag
30b7257BF400B714000000B7,PANT-DEN-BLU-28,LK001,SALES_FLOOR,GS1_SGTIN96,2026-06-24,Real GS1 tag
30b8257BF400B714000000B8,PANT-DEN-BLU-30,LK001,BACK_ROOM,GS1_SGTIN96,2026-06-24,Real GS1 tag
30ba257BF400B714000000BA,PANT-DEN-BLU-32,LK001,SALES_FLOOR,GS1_SGTIN96,2026-06-24,Real GS1 tag
30bb257BF400B714000000BB,PANT-DEN-BLU-34,LK001,SALES_FLOOR,GS1_SGTIN96,2026-06-24,Real GS1 tag
30bc257BF400B714000000BC,PANT-DEN-BLK-30,LK001,SALES_FLOOR,GS1_SGTIN96,2026-06-24,Real GS1 tag
30bd257BF400B714000000BD,PANT-DEN-BLK-32,LK001,BACK_ROOM,GS1_SGTIN96,2026-06-24,Real GS1 tag
30be257BF400B714000000BE,PANT-DEN-BLK-34,LK001,SALES_FLOOR,GS1_SGTIN96,2026-06-24,Real GS1 tag
30c1257BF400B714000000C1,TROP-CHI-KHA-30,LK001,SALES_FLOOR,GS1_SGTIN96,2026-06-24,Real GS1 tag
30c4257BF400B714000000C4,TROP-CHI-KHA-32,LK001,SALES_FLOOR,GS1_SGTIN96,2026-06-24,Real GS1 tag
30c6257BF400B714000000C6,TROP-CHI-NAV-30,LK001,BACK_ROOM,GS1_SGTIN96,2026-06-24,Real GS1 tag
30c7257BF400B714000000C7,TROP-CHI-NAV-32,LK001,SALES_FLOOR,GS1_SGTIN96,2026-06-24,Real GS1 tag
53756E676C61737330303031,SUNGL-DEMO-001,LK001,SALES_FLOOR,ASCII_ENCODED,2026-06-24,Sunglass12336
53756E676C61737330303031,SUNGL-DEMO-001,LK001,SALES_FLOOR,ASCII_ENCODED,2026-06-24,Sunglass12336
53756E676C61737330303031,SUNGL-DEMO-001,LK001,SALES_FLOOR,ASCII_ENCODED,2026-06-24,Sunglass12336
53756E676C61737330303031,SUNGL-DEMO-001,LK001,SALES_FLOOR,ASCII_ENCODED,2026-06-24,Sunglass12336
53756E676C61737330303032,SUNGL-DEMO-001,LK001,SALES_FLOOR,ASCII_ENCODED,2026-06-24,Sunglass12336
53756E676C61737330303032,SUNGL-DEMO-001,LK001,SALES_FLOOR,ASCII_ENCODED,2026-06-24,Sunglass12336
53756E676C61737330303032,SUNGL-DEMO-001,LK001,SALES_FLOOR,ASCII_ENCODED,2026-06-24,Sunglass12336
53756E676C61737330303033,SUNGL-DEMO-001,LK001,SALES_FLOOR,ASCII_ENCODED,2026-06-24,Sunglass12336
53756E676C61737330303033,SUNGL-DEMO-001,LK001,SALES_FLOOR,ASCII_ENCODED,2026-06-24,Sunglass12336
53756E676C61737330303033,SUNGL-DEMO-001,LK001,SALES_FLOOR,ASCII_ENCODED,2026-06-24,Sunglass12336
53756E676C61737330303033,SUNGL-DEMO-001,LK001,SALES_FLOOR,ASCII_ENCODED,2026-06-24,Sunglass12336
53756E676C61737330303033,SUNGL-DEMO-001,LK001,SALES_FLOOR,ASCII_ENCODED,2026-06-24,Sunglass12336
53756E676C61737330303033,SUNGL-DEMO-001,LK001,SALES_FLOOR,ASCII_ENCODED,2026-06-24,Sunglass12336
53756E676C61737330303034,SUNGL-DEMO-001,LK001,SALES_FLOOR,ASCII_ENCODED,2026-06-24,Sunglass12336
53756E676C61737330303034,SUNGL-DEMO-001,LK001,SALES_FLOOR,ASCII_ENCODED,2026-06-24,Sunglass12336
53756E676C61737330303034,SUNGL-DEMO-001,LK001,SALES_FLOOR,ASCII_ENCODED,2026-06-24,Sunglass12336
53756E676C61737330303034,SUNGL-DEMO-001,LK001,SALES_FLOOR,ASCII_ENCODED,2026-06-24,Sunglass12336
53756E676C61737330303035,SUNGL-DEMO-001,LK001,SALES_FLOOR,ASCII_ENCODED,2026-06-24,Sunglass12336
53756E676C61737330303035,SUNGL-DEMO-001,LK001,SALES_FLOOR,ASCII_ENCODED,2026-06-24,Sunglass12336
53756E676C61737330303035,SUNGL-DEMO-001,LK001,SALES_FLOOR,ASCII_ENCODED,2026-06-24,Sunglass12336
53756E676C61737330303035,SUNGL-DEMO-001,LK001,SALES_FLOOR,ASCII_ENCODED,2026-06-24,Sunglass12336
53756E676C61737330303036,SUNGL-DEMO-001,LK001,SALES_FLOOR,ASCII_ENCODED,2026-06-24,Sunglass12336
53756E676C61737330303036,SUNGL-DEMO-001,LK001,SALES_FLOOR,ASCII_ENCODED,2026-06-24,Sunglass12336
53756E676C61737330303036,SUNGL-DEMO-001,LK001,SALES_FLOOR,ASCII_ENCODED,2026-06-24,Sunglass12336
53756E676C61737330303036,SUNGL-DEMO-001,LK001,SALES_FLOOR,ASCII_ENCODED,2026-06-24,Sunglass12336
53756E676C61737330303036,SUNGL-DEMO-001,LK001,SALES_FLOOR,ASCII_ENCODED,2026-06-24,Sunglass12336
53756E676C61737330303037,SUNGL-DEMO-001,LK001,SALES_FLOOR,ASCII_ENCODED,2026-06-24,Sunglass12336
53756E676C61737330303037,SUNGL-DEMO-001,LK001,SALES_FLOOR,ASCII_ENCODED,2026-06-24,Sunglass12336
53756E676C61737330303037,SUNGL-DEMO-001,LK001,SALES_FLOOR,ASCII_ENCODED,2026-06-24,Sunglass12336
53756E676C61737330303037,SUNGL-DEMO-001,LK001,SALES_FLOOR,ASCII_ENCODED,2026-06-24,Sunglass12336
53756E676C61737330303037,SUNGL-DEMO-001,LK001,SALES_FLOOR,ASCII_ENCODED,2026-06-24,Sunglass12336
53756E676C61737330303038,SUNGL-DEMO-001,LK001,SALES_FLOOR,ASCII_ENCODED,2026-06-24,Sunglass12336
53756E676C61737330303038,SUNGL-DEMO-001,LK001,SALES_FLOOR,ASCII_ENCODED,2026-06-24,Sunglass12336
53756E676C61737330303038,SUNGL-DEMO-001,LK001,SALES_FLOOR,ASCII_ENCODED,2026-06-24,Sunglass12336
53756E676C61737330303039,SUNGL-DEMO-001,LK001,SALES_FLOOR,ASCII_ENCODED,2026-06-24,Sunglass12336
53756E676C61737330303039,SUNGL-DEMO-001,LK001,SALES_FLOOR,ASCII_ENCODED,2026-06-24,Sunglass12336
53756E676C61737330303130,SUNGL-DEMO-001,LK001,SALES_FLOOR,ASCII_ENCODED,2026-06-24,Sunglass12336
53756E676C61737330303130,SUNGL-DEMO-001,LK001,SALES_FLOOR,ASCII_ENCODED,2026-06-24,Sunglass12336
53756E676C61737330303130,SUNGL-DEMO-001,LK001,SALES_FLOOR,ASCII_ENCODED,2026-06-24,Sunglass12336
53756E676C61737330303130,SUNGL-DEMO-001,LK001,SALES_FLOOR,ASCII_ENCODED,2026-06-24,Sunglass12336
53756E676C61737330303130,SUNGL-DEMO-001,LK001,SALES_FLOOR,ASCII_ENCODED,2026-06-24,Sunglass12336
53756E676C61737330303131,SUNGL-DEMO-001,LK001,SALES_FLOOR,ASCII_ENCODED,2026-06-24,Sunglass12336
53756E676C61737330303132,SUNGL-DEMO-001,LK001,SALES_FLOOR,ASCII_ENCODED,2026-06-24,Sunglass12336
53756E676C61737330303132,SUNGL-DEMO-001,LK001,SALES_FLOOR,ASCII_ENCODED,2026-06-24,Sunglass12336
53756E676C61737330303132,SUNGL-DEMO-001,LK001,SALES_FLOOR,ASCII_ENCODED,2026-06-24,Sunglass12336
53756E676C61737330303132,SUNGL-DEMO-001,LK001,SALES_FLOOR,ASCII_ENCODED,2026-06-24,Sunglass12336
53756E676C61737330303132,SUNGL-DEMO-001,LK001,SALES_FLOOR,ASCII_ENCODED,2026-06-24,Sunglass12336
53756E676C61737330303132,SUNGL-DEMO-001,LK001,SALES_FLOOR,ASCII_ENCODED,2026-06-24,Sunglass12336
53756E676C61737330303132,SUNGL-DEMO-001,LK001,SALES_FLOOR,ASCII_ENCODED,2026-06-24,Sunglass12336
53756E676C61737330303133,SUNGL-DEMO-001,LK001,SALES_FLOOR,ASCII_ENCODED,2026-06-24,Sunglass12336
53756E676C61737330303135,SUNGL-DEMO-001,LK001,SALES_FLOOR,ASCII_ENCODED,2026-06-24,Sunglass12336
53756E676C61737330303136,SUNGL-DEMO-001,LK001,SALES_FLOOR,ASCII_ENCODED,2026-06-24,Sunglass12336
53756E676C61737330303136,SUNGL-DEMO-001,LK001,SALES_FLOOR,ASCII_ENCODED,2026-06-24,Sunglass12336
53756E676C61737330303137,SUNGL-DEMO-001,LK001,SALES_FLOOR,ASCII_ENCODED,2026-06-24,Sunglass12336
53756E676C61737330303137,SUNGL-DEMO-001,LK001,SALES_FLOOR,ASCII_ENCODED,2026-06-24,Sunglass12336
53756E676C61737330303138,SUNGL-DEMO-001,LK001,SALES_FLOOR,ASCII_ENCODED,2026-06-24,Sunglass12336
53756E676C61737330303138,SUNGL-DEMO-001,LK001,SALES_FLOOR,ASCII_ENCODED,2026-06-24,Sunglass12336
53756E676C61737330303138,SUNGL-DEMO-001,LK001,SALES_FLOOR,ASCII_ENCODED,2026-06-24,Sunglass12336
53756E676C61737330303139,SUNGL-DEMO-001,LK001,SALES_FLOOR,ASCII_ENCODED,2026-06-24,Sunglass12336
53756E676C61737330303139,SUNGL-DEMO-001,LK001,SALES_FLOOR,ASCII_ENCODED,2026-06-24,Sunglass12336
53756E676C61737330303230,SUNGL-DEMO-001,LK001,SALES_FLOOR,ASCII_ENCODED,2026-06-24,Sunglass12336
53756E676C61737330303230,SUNGL-DEMO-001,LK001,SALES_FLOOR,ASCII_ENCODED,2026-06-24,Sunglass12336
53756E676C61737330303231,SUNGL-DEMO-001,LK001,SALES_FLOOR,ASCII_ENCODED,2026-06-24,Sunglass12336
53756E676C61737330303231,SUNGL-DEMO-001,LK001,SALES_FLOOR,ASCII_ENCODED,2026-06-24,Sunglass12336
53756E676C61737330303231,SUNGL-DEMO-001,LK001,SALES_FLOOR,ASCII_ENCODED,2026-06-24,Sunglass12336
53756E676C61737330303231,SUNGL-DEMO-001,LK001,SALES_FLOOR,ASCII_ENCODED,2026-06-24,Sunglass12336
53756E676C61737330303232,SUNGL-DEMO-001,LK001,SALES_FLOOR,ASCII_ENCODED,2026-06-24,Sunglass12336
53756E676C61737330303232,SUNGL-DEMO-001,LK001,SALES_FLOOR,ASCII_ENCODED,2026-06-24,Sunglass12336
53756E676C61737330303232,SUNGL-DEMO-001,LK001,SALES_FLOOR,ASCII_ENCODED,2026-06-24,Sunglass12336
53756E676C61737330303232,SUNGL-DEMO-001,LK001,SALES_FLOOR,ASCII_ENCODED,2026-06-24,Sunglass12336
53756E676C61737330303232,SUNGL-DEMO-001,LK001,SALES_FLOOR,ASCII_ENCODED,2026-06-24,Sunglass12336
53756E676C61737330303232,SUNGL-DEMO-001,LK001,SALES_FLOOR,ASCII_ENCODED,2026-06-24,Sunglass12336
53756E676C61737330303234,SUNGL-DEMO-001,LK001,SALES_FLOOR,ASCII_ENCODED,2026-06-24,Sunglass12336
53756E676C61737330303234,SUNGL-DEMO-001,LK001,SALES_FLOOR,ASCII_ENCODED,2026-06-24,Sunglass12336
53756E676C61737330303235,SUNGL-DEMO-001,LK001,SALES_FLOOR,ASCII_ENCODED,2026-06-24,Sunglass12336
53756E676C61737330303235,SUNGL-DEMO-001,LK001,SALES_FLOOR,ASCII_ENCODED,2026-06-24,Sunglass12336
53756E676C61737330303235,SUNGL-DEMO-001,LK001,SALES_FLOOR,ASCII_ENCODED,2026-06-24,Sunglass12336
53756E676C61737330303236,SUNGL-DEMO-001,LK001,SALES_FLOOR,ASCII_ENCODED,2026-06-24,Sunglass12336
53756E676C61737330303236,SUNGL-DEMO-001,LK001,SALES_FLOOR,ASCII_ENCODED,2026-06-24,Sunglass12336
53756E676C61737330303237,SUNGL-DEMO-001,LK001,SALES_FLOOR,ASCII_ENCODED,2026-06-24,Sunglass12336
53756E676C61737330303237,SUNGL-DEMO-001,LK001,SALES_FLOOR,ASCII_ENCODED,2026-06-24,Sunglass12336
53756E676C61737330303237,SUNGL-DEMO-001,LK001,SALES_FLOOR,ASCII_ENCODED,2026-06-24,Sunglass12336
53756E676C61737330303238,SUNGL-DEMO-001,LK001,SALES_FLOOR,ASCII_ENCODED,2026-06-24,Sunglass12336
53756E676C61737330303238,SUNGL-DEMO-001,LK001,SALES_FLOOR,ASCII_ENCODED,2026-06-24,Sunglass12336
53756E676C61737330303239,SUNGL-DEMO-001,LK001,SALES_FLOOR,ASCII_ENCODED,2026-06-24,Sunglass12336
53756E676C61737330303239,SUNGL-DEMO-001,LK001,SALES_FLOOR,ASCII_ENCODED,2026-06-24,Sunglass12336
53756E676C61737330303239,SUNGL-DEMO-001,LK001,SALES_FLOOR,ASCII_ENCODED,2026-06-24,Sunglass12336
53756E676C61737330303330,SUNGL-DEMO-001,LK001,SALES_FLOOR,ASCII_ENCODED,2026-06-24,Sunglass12336
53756E676C61737330303330,SUNGL-DEMO-001,LK001,SALES_FLOOR,ASCII_ENCODED,2026-06-24,Sunglass12336
53756E676C61737330303330,SUNGL-DEMO-001,LK001,SALES_FLOOR,ASCII_ENCODED,2026-06-24,Sunglass12336
53756E676C61737330303331,SUNGL-DEMO-001,LK001,SALES_FLOOR,ASCII_ENCODED,2026-06-24,Sunglass12336
53756E676C61737330303331,SUNGL-DEMO-001,LK001,SALES_FLOOR,ASCII_ENCODED,2026-06-24,Sunglass12336
53756E676C61737330303331,SUNGL-DEMO-001,LK001,SALES_FLOOR,ASCII_ENCODED,2026-06-24,Sunglass12336
53756E676C61737330303332,SUNGL-DEMO-001,LK001,SALES_FLOOR,ASCII_ENCODED,2026-06-24,Sunglass12336
53756E676C61737330303333,SUNGL-DEMO-001,LK001,SALES_FLOOR,ASCII_ENCODED,2026-06-24,Sunglass12336
53756E676C61737330303333,SUNGL-DEMO-001,LK001,SALES_FLOOR,ASCII_ENCODED,2026-06-24,Sunglass12336
53756E676C61737330303334,SUNGL-DEMO-001,LK001,SALES_FLOOR,ASCII_ENCODED,2026-06-24,Sunglass12336
53756E676C61737330303334,SUNGL-DEMO-001,LK001,SALES_FLOOR,ASCII_ENCODED,2026-06-24,Sunglass12336
53756E676C61737330303334,SUNGL-DEMO-001,LK001,SALES_FLOOR,ASCII_ENCODED,2026-06-24,Sunglass12336
53756E676C61737330303335,SUNGL-DEMO-001,LK001,SALES_FLOOR,ASCII_ENCODED,2026-06-24,Sunglass12336
53756E676C61737330303336,SUNGL-DEMO-001,LK001,SALES_FLOOR,ASCII_ENCODED,2026-06-24,Sunglass12336
53756E676C61737330303336,SUNGL-DEMO-001,LK001,SALES_FLOOR,ASCII_ENCODED,2026-06-24,Sunglass12336
53756E676C61737330303336,SUNGL-DEMO-001,LK001,SALES_FLOOR,ASCII_ENCODED,2026-06-24,Sunglass12336
53756E676C61737330303337,SUNGL-DEMO-001,LK001,SALES_FLOOR,ASCII_ENCODED,2026-06-24,Sunglass12336
53756E676C61737330303337,SUNGL-DEMO-001,LK001,SALES_FLOOR,ASCII_ENCODED,2026-06-24,Sunglass12336
53756E676C61737330303337,SUNGL-DEMO-001,LK001,SALES_FLOOR,ASCII_ENCODED,2026-06-24,Sunglass12336
53756E676C61737330303338,SUNGL-DEMO-001,LK001,SALES_FLOOR,ASCII_ENCODED,2026-06-24,Sunglass12336
53756E676C61737330303338,SUNGL-DEMO-001,LK001,SALES_FLOOR,ASCII_ENCODED,2026-06-24,Sunglass12336
53756E676C61737330303339,SUNGL-DEMO-001,LK001,SALES_FLOOR,ASCII_ENCODED,2026-06-24,Sunglass12336
53756E676C61737330303339,SUNGL-DEMO-001,LK001,SALES_FLOOR,ASCII_ENCODED,2026-06-24,Sunglass12336
53756E676C61737330303339,SUNGL-DEMO-001,LK001,SALES_FLOOR,ASCII_ENCODED,2026-06-24,Sunglass12336
53756E676C61737330303339,SUNGL-DEMO-001,LK001,SALES_FLOOR,ASCII_ENCODED,2026-06-24,Sunglass12336
53756E676C61737330303430,SUNGL-DEMO-001,LK001,SALES_FLOOR,ASCII_ENCODED,2026-06-24,Sunglass12336
53756E676C61737330303430,SUNGL-DEMO-001,LK001,SALES_FLOOR,ASCII_ENCODED,2026-06-24,Sunglass12336
53756E676C61737330303431,SUNGL-DEMO-001,LK001,SALES_FLOOR,ASCII_ENCODED,2026-06-24,Sunglass12336
53756E676C61737330303431,SUNGL-DEMO-001,LK001,SALES_FLOOR,ASCII_ENCODED,2026-06-24,Sunglass12336
53756E676C61737330303432,SUNGL-DEMO-001,LK001,SALES_FLOOR,ASCII_ENCODED,2026-06-24,Sunglass12336
53756E676C61737330303432,SUNGL-DEMO-001,LK001,SALES_FLOOR,ASCII_ENCODED,2026-06-24,Sunglass12336
53756E676C61737330303432,SUNGL-DEMO-001,LK001,SALES_FLOOR,ASCII_ENCODED,2026-06-24,Sunglass12336
53756E676C61737330303433,SUNGL-DEMO-001,LK001,SALES_FLOOR,ASCII_ENCODED,2026-06-24,Sunglass12336
53756E676C61737330303434,SUNGL-DEMO-001,LK001,SALES_FLOOR,ASCII_ENCODED,2026-06-24,Sunglass12336
53756E676C61737330303434,SUNGL-DEMO-001,LK001,SALES_FLOOR,ASCII_ENCODED,2026-06-24,Sunglass12336
53756E676C61737330303435,SUNGL-DEMO-001,LK001,SALES_FLOOR,ASCII_ENCODED,2026-06-24,Sunglass12336
53756E676C61737330303436,SUNGL-DEMO-001,LK001,SALES_FLOOR,ASCII_ENCODED,2026-06-24,Sunglass12336
53756E676C61737330303436,SUNGL-DEMO-001,LK001,SALES_FLOOR,ASCII_ENCODED,2026-06-24,Sunglass12336
53756E676C61737330303437,SUNGL-DEMO-001,LK001,SALES_FLOOR,ASCII_ENCODED,2026-06-24,Sunglass12336
53756E676C61737330303437,SUNGL-DEMO-001,LK001,SALES_FLOOR,ASCII_ENCODED,2026-06-24,Sunglass12336
53756E676C61737330303438,SUNGL-DEMO-001,LK001,SALES_FLOOR,ASCII_ENCODED,2026-06-24,Sunglass12336
53756E676C61737330303438,SUNGL-DEMO-001,LK001,SALES_FLOOR,ASCII_ENCODED,2026-06-24,Sunglass12336
53756E676C61737330303439,SUNGL-DEMO-001,LK001,SALES_FLOOR,ASCII_ENCODED,2026-06-24,Sunglass12336
53756E676C61737330303439,SUNGL-DEMO-001,LK001,SALES_FLOOR,ASCII_ENCODED,2026-06-24,Sunglass12336
53756E676C61737330303439,SUNGL-DEMO-001,LK001,SALES_FLOOR,ASCII_ENCODED,2026-06-24,Sunglass12336
53756E676C61737330303530,SUNGL-DEMO-001,LK001,SALES_FLOOR,ASCII_ENCODED,2026-06-24,Sunglass12336
53756E676C61737330303530,SUNGL-DEMO-001,LK001,SALES_FLOOR,ASCII_ENCODED,2026-06-24,Sunglass12336
53756E676C61737330303530,SUNGL-DEMO-001,LK001,SALES_FLOOR,ASCII_ENCODED,2026-06-24,Sunglass12336
53756E676C61737330303531,SUNGL-DEMO-001,LK001,SALES_FLOOR,ASCII_ENCODED,2026-06-24,Sunglass12336
53756E676C61737330303531,SUNGL-DEMO-001,LK001,SALES_FLOOR,ASCII_ENCODED,2026-06-24,Sunglass12336
53756E676C61737330303531,SUNGL-DEMO-001,LK001,SALES_FLOOR,ASCII_ENCODED,2026-06-24,Sunglass12336
53756E676C61737330303532,SUNGL-DEMO-001,LK001,SALES_FLOOR,ASCII_ENCODED,2026-06-24,Sunglass12336
53756E676C61737330303532,SUNGL-DEMO-001,LK001,SALES_FLOOR,ASCII_ENCODED,2026-06-24,Sunglass12336
53756E676C61737330303532,SUNGL-DEMO-001,LK001,SALES_FLOOR,ASCII_ENCODED,2026-06-24,Sunglass12336
53756E676C61737330303533,SUNGL-DEMO-001,LK001,SALES_FLOOR,ASCII_ENCODED,2026-06-24,Sunglass12336
53756E676C61737330303534,SUNGL-DEMO-001,LK001,SALES_FLOOR,ASCII_ENCODED,2026-06-24,Sunglass12336
53756E676C61737330303534,SUNGL-DEMO-001,LK001,SALES_FLOOR,ASCII_ENCODED,2026-06-24,Sunglass12336
53756E676C61737330303535,SUNGL-DEMO-001,LK001,SALES_FLOOR,ASCII_ENCODED,2026-06-24,Sunglass12336
53756E676C61737330303536,SUNGL-DEMO-001,LK001,SALES_FLOOR,ASCII_ENCODED,2026-06-24,Sunglass12336
53756E676C61737330303537,SUNGL-DEMO-001,LK001,SALES_FLOOR,ASCII_ENCODED,2026-06-24,Sunglass12336
53756E676C61737330303537,SUNGL-DEMO-001,LK001,SALES_FLOOR,ASCII_ENCODED,2026-06-24,Sunglass12336
53756E676C61737330303537,SUNGL-DEMO-001,LK001,SALES_FLOOR,ASCII_ENCODED,2026-06-24,Sunglass12336
53756E676C61737330303538,SUNGL-DEMO-001,LK001,SALES_FLOOR,ASCII_ENCODED,2026-06-24,Sunglass12336
53756E676C61737330303538,SUNGL-DEMO-001,LK001,SALES_FLOOR,ASCII_ENCODED,2026-06-24,Sunglass12336
53756E676C61737330303538,SUNGL-DEMO-001,LK001,SALES_FLOOR,ASCII_ENCODED,2026-06-24,Sunglass12336
53756E676C61737330303538,SUNGL-DEMO-001,LK001,SALES_FLOOR,ASCII_ENCODED,2026-06-24,Sunglass12336
53756E676C61737330303539,SUNGL-DEMO-001,LK001,SALES_FLOOR,ASCII_ENCODED,2026-06-24,Sunglass12336
53756E676C61737330303539,SUNGL-DEMO-001,LK001,SALES_FLOOR,ASCII_ENCODED,2026-06-24,Sunglass12336
53756E676C61737330303539,SUNGL-DEMO-001,LK001,SALES_FLOOR,ASCII_ENCODED,2026-06-24,Sunglass12336
53756E676C61737330303539,SUNGL-DEMO-001,LK001,SALES_FLOOR,ASCII_ENCODED,2026-06-24,Sunglass12336
53756E676C61737330303539,SUNGL-DEMO-001,LK001,SALES_FLOOR,ASCII_ENCODED,2026-06-24,Sunglass12336
53756E676C61737330303630,SUNGL-DEMO-001,LK001,SALES_FLOOR,ASCII_ENCODED,2026-06-24,Sunglass12336
53756E676C61737330303632,SUNGL-DEMO-001,LK001,SALES_FLOOR,ASCII_ENCODED,2026-06-24,Sunglass12336
53756E676C61737330303632,SUNGL-DEMO-001,LK001,SALES_FLOOR,ASCII_ENCODED,2026-06-24,Sunglass12336
53756E676C61737330303633,SUNGL-DEMO-001,LK001,SALES_FLOOR,ASCII_ENCODED,2026-06-24,Sunglass12336
53756E676C61737330303633,SUNGL-DEMO-001,LK001,SALES_FLOOR,ASCII_ENCODED,2026-06-24,Sunglass12336
53756E676C61737330303633,SUNGL-DEMO-001,LK001,SALES_FLOOR,ASCII_ENCODED,2026-06-24,Sunglass12336
53756E676C61737330303634,SUNGL-DEMO-001,LK001,SALES_FLOOR,ASCII_ENCODED,2026-06-24,Sunglass12336
53756E676C61737330303634,SUNGL-DEMO-001,LK001,SALES_FLOOR,ASCII_ENCODED,2026-06-24,Sunglass12336
53756E676C61737330303634,SUNGL-DEMO-001,LK001,SALES_FLOOR,ASCII_ENCODED,2026-06-24,Sunglass12336
53756E676C61737330303634,SUNGL-DEMO-001,LK001,SALES_FLOOR,ASCII_ENCODED,2026-06-24,Sunglass12336
53756E676C61737330303634,SUNGL-DEMO-001,LK001,SALES_FLOOR,ASCII_ENCODED,2026-06-24,Sunglass12336
53756E676C61737330303635,SUNGL-DEMO-001,LK001,SALES_FLOOR,ASCII_ENCODED,2026-06-24,Sunglass12336
53756E676C61737330303635,SUNGL-DEMO-001,LK001,SALES_FLOOR,ASCII_ENCODED,2026-06-24,Sunglass12336
53756E676C61737330303635,SUNGL-DEMO-001,LK001,SALES_FLOOR,ASCII_ENCODED,2026-06-24,Sunglass12336
53756E676C61737330303636,SUNGL-DEMO-001,LK001,SALES_FLOOR,ASCII_ENCODED,2026-06-24,Sunglass12336
53756E676C61737330303636,SUNGL-DEMO-001,LK001,SALES_FLOOR,ASCII_ENCODED,2026-06-24,Sunglass12336
53756E676C61737330303636,SUNGL-DEMO-001,LK001,SALES_FLOOR,ASCII_ENCODED,2026-06-24,Sunglass12336
53756E676C61737330303636,SUNGL-DEMO-001,LK001,SALES_FLOOR,ASCII_ENCODED,2026-06-24,Sunglass12336
53756E676C61737330303636,SUNGL-DEMO-001,LK001,SALES_FLOOR,ASCII_ENCODED,2026-06-24,Sunglass12336
53756E676C61737330303636,SUNGL-DEMO-001,LK001,SALES_FLOOR,ASCII_ENCODED,2026-06-24,Sunglass12336
53756E676C61737330303637,SUNGL-DEMO-001,LK001,SALES_FLOOR,ASCII_ENCODED,2026-06-24,Sunglass12336
53756E676C61737330303637,SUNGL-DEMO-001,LK001,SALES_FLOOR,ASCII_ENCODED,2026-06-24,Sunglass12336
53756E676C61737330303638,SUNGL-DEMO-001,LK001,SALES_FLOOR,ASCII_ENCODED,2026-06-24,Sunglass12336
53756E676C61737330303638,SUNGL-DEMO-001,LK001,SALES_FLOOR,ASCII_ENCODED,2026-06-24,Sunglass12336
53756E676C61737330303638,SUNGL-DEMO-001,LK001,SALES_FLOOR,ASCII_ENCODED,2026-06-24,Sunglass12336
53756E676C61737330303638,SUNGL-DEMO-001,LK001,SALES_FLOOR,ASCII_ENCODED,2026-06-24,Sunglass12336
53756E676C61737330303638,SUNGL-DEMO-001,LK001,SALES_FLOOR,ASCII_ENCODED,2026-06-24,Sunglass12336
53756E676C61737330303639,SUNGL-DEMO-001,LK001,SALES_FLOOR,ASCII_ENCODED,2026-06-24,Sunglass12336
53756E676C61737330303639,SUNGL-DEMO-001,LK001,SALES_FLOOR,ASCII_ENCODED,2026-06-24,Sunglass12336
53756E676C61737330303730,SUNGL-DEMO-001,LK001,SALES_FLOOR,ASCII_ENCODED,2026-06-24,Sunglass12336
53756E676C61737330303730,SUNGL-DEMO-001,LK001,SALES_FLOOR,ASCII_ENCODED,2026-06-24,Sunglass12336
53756E676C61737330303731,SUNGL-DEMO-001,LK001,SALES_FLOOR,ASCII_ENCODED,2026-06-24,Sunglass12336
53756E676C61737330303731,SUNGL-DEMO-001,LK001,SALES_FLOOR,ASCII_ENCODED,2026-06-24,Sunglass12336
53756E676C61737330303731,SUNGL-DEMO-001,LK001,SALES_FLOOR,ASCII_ENCODED,2026-06-24,Sunglass12336
53756E676C61737330303731,SUNGL-DEMO-001,LK001,SALES_FLOOR,ASCII_ENCODED,2026-06-24,Sunglass12336
53756E676C61737330303732,SUNGL-DEMO-001,LK001,SALES_FLOOR,ASCII_ENCODED,2026-06-24,Sunglass12336
53756E676C61737330303732,SUNGL-DEMO-001,LK001,SALES_FLOOR,ASCII_ENCODED,2026-06-24,Sunglass12336
53756E676C61737330303733,SUNGL-DEMO-001,LK001,SALES_FLOOR,ASCII_ENCODED,2026-06-24,Sunglass12336
53756E676C61737330303733,SUNGL-DEMO-001,LK001,SALES_FLOOR,ASCII_ENCODED,2026-06-24,Sunglass12336
53756E676C61737330303734,SUNGL-DEMO-001,LK001,SALES_FLOOR,ASCII_ENCODED,2026-06-24,Sunglass12336
53756E676C61737330303734,SUNGL-DEMO-001,LK001,SALES_FLOOR,ASCII_ENCODED,2026-06-24,Sunglass12336
53756E676C61737330303734,SUNGL-DEMO-001,LK001,SALES_FLOOR,ASCII_ENCODED,2026-06-24,Sunglass12336
53756E676C61737330303734,SUNGL-DEMO-001,LK001,SALES_FLOOR,ASCII_ENCODED,2026-06-24,Sunglass12336
53756E676C61737330303734,SUNGL-DEMO-001,LK001,SALES_FLOOR,ASCII_ENCODED,2026-06-24,Sunglass12336
53756E676C61737330303734,SUNGL-DEMO-001,LK001,SALES_FLOOR,ASCII_ENCODED,2026-06-24,Sunglass12336
53756E676C61737330303736,SUNGL-DEMO-001,LK001,SALES_FLOOR,ASCII_ENCODED,2026-06-24,Sunglass12336
53756E676C61737330303736,SUNGL-DEMO-001,LK001,SALES_FLOOR,ASCII_ENCODED,2026-06-24,Sunglass12336
53756E676C61737330303736,SUNGL-DEMO-001,LK001,SALES_FLOOR,ASCII_ENCODED,2026-06-24,Sunglass12336
53756E676C61737330303736,SUNGL-DEMO-001,LK001,SALES_FLOOR,ASCII_ENCODED,2026-06-24,Sunglass12336
53756E676C61737330303738,SUNGL-DEMO-001,LK001,SALES_FLOOR,ASCII_ENCODED,2026-06-24,Sunglass12336
53756E676C61737330303739,SUNGL-DEMO-001,LK001,SALES_FLOOR,ASCII_ENCODED,2026-06-24,Sunglass12336
53756E676C61737330303830,SUNGL-DEMO-001,LK001,SALES_FLOOR,ASCII_ENCODED,2026-06-24,Sunglass12336
53756E676C61737330303830,SUNGL-DEMO-001,LK001,SALES_FLOOR,ASCII_ENCODED,2026-06-24,Sunglass12336
53756E676C61737330303830,SUNGL-DEMO-001,LK001,SALES_FLOOR,ASCII_ENCODED,2026-06-24,Sunglass12336
53756E676C61737330303830,SUNGL-DEMO-001,LK001,SALES_FLOOR,ASCII_ENCODED,2026-06-24,Sunglass12336
53756E676C61737330303830,SUNGL-DEMO-001,LK001,SALES_FLOOR,ASCII_ENCODED,2026-06-24,Sunglass12336
53756E676C61737330303831,SUNGL-DEMO-001,LK001,SALES_FLOOR,ASCII_ENCODED,2026-06-24,Sunglass12336
53756E676C61737330303831,SUNGL-DEMO-001,LK001,SALES_FLOOR,ASCII_ENCODED,2026-06-24,Sunglass12336
53756E676C61737330303832,SUNGL-DEMO-001,LK001,SALES_FLOOR,ASCII_ENCODED,2026-06-24,Sunglass12336
53756E676C61737330303833,SUNGL-DEMO-001,LK001,SALES_FLOOR,ASCII_ENCODED,2026-06-24,Sunglass12336
53756E676C61737330303834,SUNGL-DEMO-001,LK001,SALES_FLOOR,ASCII_ENCODED,2026-06-24,Sunglass12336
53756E676C61737330303835,SUNGL-DEMO-001,LK001,SALES_FLOOR,ASCII_ENCODED,2026-06-24,Sunglass12336
53756E676C61737330303835,SUNGL-DEMO-001,LK001,SALES_FLOOR,ASCII_ENCODED,2026-06-24,Sunglass12336
53756E676C61737330303835,SUNGL-DEMO-001,LK001,SALES_FLOOR,ASCII_ENCODED,2026-06-24,Sunglass12336
53756E676C61737330303835,SUNGL-DEMO-001,LK001,SALES_FLOOR,ASCII_ENCODED,2026-06-24,Sunglass12336
53756E676C61737330303836,SUNGL-DEMO-001,LK001,SALES_FLOOR,ASCII_ENCODED,2026-06-24,Sunglass12336
53756E676C61737330303836,SUNGL-DEMO-001,LK001,SALES_FLOOR,ASCII_ENCODED,2026-06-24,Sunglass12336
53756E676C61737330303837,SUNGL-DEMO-001,LK001,SALES_FLOOR,ASCII_ENCODED,2026-06-24,Sunglass12336
53756E676C61737330303837,SUNGL-DEMO-001,LK001,SALES_FLOOR,ASCII_ENCODED,2026-06-24,Sunglass12336
53756E676C61737330303838,SUNGL-DEMO-001,LK001,SALES_FLOOR,ASCII_ENCODED,2026-06-24,Sunglass12336
53756E676C61737330303838,SUNGL-DEMO-001,LK001,SALES_FLOOR,ASCII_ENCODED,2026-06-24,Sunglass12336
53756E676C61737330303839,SUNGL-DEMO-001,LK001,SALES_FLOOR,ASCII_ENCODED,2026-06-24,Sunglass12336
53756E676C61737330303839,SUNGL-DEMO-001,LK001,SALES_FLOOR,ASCII_ENCODED,2026-06-24,Sunglass12336
53756E676C61737330303931,SUNGL-DEMO-001,LK001,SALES_FLOOR,ASCII_ENCODED,2026-06-24,Sunglass12336
53756E676C61737330303931,SUNGL-DEMO-001,LK001,SALES_FLOOR,ASCII_ENCODED,2026-06-24,Sunglass12336
53756E676C61737330303932,SUNGL-DEMO-001,LK001,SALES_FLOOR,ASCII_ENCODED,2026-06-24,Sunglass12336
53756E676C61737330303933,SUNGL-DEMO-001,LK001,SALES_FLOOR,ASCII_ENCODED,2026-06-24,Sunglass12336
53756E676C61737330303934,SUNGL-DEMO-001,LK001,SALES_FLOOR,ASCII_ENCODED,2026-06-24,Sunglass12336
53756E676C61737330303934,SUNGL-DEMO-001,LK001,SALES_FLOOR,ASCII_ENCODED,2026-06-24,Sunglass12336
53756E676C61737330303936,SUNGL-DEMO-001,LK001,SALES_FLOOR,ASCII_ENCODED,2026-06-24,Sunglass12336
53756E676C61737330303936,SUNGL-DEMO-001,LK001,SALES_FLOOR,ASCII_ENCODED,2026-06-24,Sunglass12336
53756E676C61737330303937,SUNGL-DEMO-001,LK001,SALES_FLOOR,ASCII_ENCODED,2026-06-24,Sunglass12336
53756E676C61737330303938,SUNGL-DEMO-001,LK001,SALES_FLOOR,ASCII_ENCODED,2026-06-24,Sunglass12336
53756E676C61737330303938,SUNGL-DEMO-001,LK001,SALES_FLOOR,ASCII_ENCODED,2026-06-24,Sunglass12336
53756E676C61737330303939,SUNGL-DEMO-001,LK001,SALES_FLOOR,ASCII_ENCODED,2026-06-24,Sunglass12336
53756E676C61737330303939,SUNGL-DEMO-001,LK001,SALES_FLOOR,ASCII_ENCODED,2026-06-24,Sunglass12336
53756E676C61737330313030,SUNGL-DEMO-001,LK001,SALES_FLOOR,ASCII_ENCODED,2026-06-24,Sunglass12337
53756E676C61737330313030,SUNGL-DEMO-001,LK001,SALES_FLOOR,ASCII_ENCODED,2026-06-24,Sunglass12337
53756E676C61737330313030,SUNGL-DEMO-001,LK001,SALES_FLOOR,ASCII_ENCODED,2026-06-24,Sunglass12337
53756E676C61737330313030,SUNGL-DEMO-001,LK001,SALES_FLOOR,ASCII_ENCODED,2026-06-24,Sunglass12337
53756E676C61737331323334,SUNGL-DEMO-001,LK001,SALES_FLOOR,ASCII_ENCODED,2026-06-24,Sunglass12594
53756E676C61737331323334,SUNGL-DEMO-001,LK001,SALES_FLOOR,ASCII_ENCODED,2026-06-24,Sunglass12594
53756E676C61737331323334,SUNGL-DEMO-001,LK001,SALES_FLOOR,ASCII_ENCODED,2026-06-24,Sunglass12594
53756E676C61737331323334,SUNGL-DEMO-001,LK001,SALES_FLOOR,ASCII_ENCODED,2026-06-24,Sunglass12594
53756E676C61737331323335,SUNGL-DEMO-001,LK001,SALES_FLOOR,ASCII_ENCODED,2026-06-24,Sunglass12594
53756E676C61737331323335,SUNGL-DEMO-001,LK001,SALES_FLOOR,ASCII_ENCODED,2026-06-24,Sunglass12594
53756E676C61737331323335,SUNGL-DEMO-001,LK001,SALES_FLOOR,ASCII_ENCODED,2026-06-24,Sunglass12594
53756E676C6173733132333620202020,SUNGL-DEMO-001,LK001,SALES_FLOOR,ASCII_ENCODED,2026-06-24,Sunglass12594
53756E676C61737331323337,SUNGL-DEMO-001,LK001,SALES_FLOOR,ASCII_ENCODED,2026-06-24,Sunglass12594
53756E676C61737331323337,SUNGL-DEMO-001,LK001,SALES_FLOOR,ASCII_ENCODED,2026-06-24,Sunglass12594
53756E676C61737331323337,SUNGL-DEMO-001,LK001,SALES_FLOOR,ASCII_ENCODED,2026-06-24,Sunglass12594
53756E67A50300636F709709,SUNGL-DEMO-001,LK001,SALES_FLOOR,ASCII_ENCODED,2026-06-24,Sunglass28528
53756E67A50300636F709709,SUNGL-DEMO-001,LK001,SALES_FLOOR,ASCII_ENCODED,2026-06-24,Sunglass28528
53756E67A50300636F709709,SUNGL-DEMO-001,LK001,SALES_FLOOR,ASCII_ENCODED,2026-06-24,Sunglass28528
53756E67A50300636F709709,SUNGL-DEMO-001,LK001,SALES_FLOOR,ASCII_ENCODED,2026-06-24,Sunglass28528
53756E67A50300636F709709,SUNGL-DEMO-001,LK001,SALES_FLOOR,ASCII_ENCODED,2026-06-24,Sunglass28528
E2801191A5030061A26C831F,ACC-BELT-BLK-M,LK001,SALES_FLOOR,IMPINJ_CUSTOM,2026-06-24,Impinj chip tag
E2801191A5030061A26C831F,ACC-BELT-BRN-M,LK001,SALES_FLOOR,IMPINJ_CUSTOM,2026-06-24,Impinj chip tag
E2801191A5030061A26C831F,ACC-SCARF-BLU,LK001,SALES_FLOOR,IMPINJ_CUSTOM,2026-06-24,Impinj chip tag
E2801191A5030061A26DD7BF,ACC-SCARF-RED,LK001,SALES_FLOOR,IMPINJ_CUSTOM,2026-06-24,Impinj chip tag
E2801191A5030061A26DD7BF,ACC-WALLET-BLK,LK001,SALES_FLOOR,IMPINJ_CUSTOM,2026-06-24,Impinj chip tag
E2801191A5030061A26DD7BF,ACC-WALLET-BRN,LK001,SALES_FLOOR,IMPINJ_CUSTOM,2026-06-24,Impinj chip tag
E2801191A5030061A26DD7BF,ACC-BELT-BLK-M,LK001,SALES_FLOOR,IMPINJ_CUSTOM,2026-06-24,Impinj chip tag
E2801191A5030061A26F572F,ACC-BELT-BRN-M,LK001,SALES_FLOOR,IMPINJ_CUSTOM,2026-06-24,Impinj chip tag
E2801191A5030061A26F572F,ACC-SCARF-BLU,LK001,SALES_FLOOR,IMPINJ_CUSTOM,2026-06-24,Impinj chip tag
E2801191A5030061A26F83DF,ACC-SCARF-RED,LK001,SALES_FLOOR,IMPINJ_CUSTOM,2026-06-24,Impinj chip tag
E2801191A5030061A26F83DF,ACC-WALLET-BLK,LK001,SALES_FLOOR,IMPINJ_CUSTOM,2026-06-24,Impinj chip tag
E2801191A5030061A26F83DF,ACC-WALLET-BRN,LK001,SALES_FLOOR,IMPINJ_CUSTOM,2026-06-24,Impinj chip tag
E2801191A5030061A26FE83F,ACC-BELT-BLK-M,LK001,SALES_FLOOR,IMPINJ_CUSTOM,2026-06-24,Impinj chip tag
E2801191A5030061A26FE8DF,ACC-BELT-BRN-M,LK001,SALES_FLOOR,IMPINJ_CUSTOM,2026-06-24,Impinj chip tag
E2801191A5030061A26FE8DF,ACC-SCARF-BLU,LK001,SALES_FLOOR,IMPINJ_CUSTOM,2026-06-24,Impinj chip tag
E2801191A5030061A26FE8DF,ACC-SCARF-RED,LK001,SALES_FLOOR,IMPINJ_CUSTOM,2026-06-24,Impinj chip tag
E2801191A5030061A2702D4F,ACC-WALLET-BLK,LK001,SALES_FLOOR,IMPINJ_CUSTOM,2026-06-24,Impinj chip tag
E2801191A5030061A2702D4F,ACC-WALLET-BRN,LK001,SALES_FLOOR,IMPINJ_CUSTOM,2026-06-24,Impinj chip tag
E2801191A5030061A2702D4F,ACC-BELT-BLK-M,LK001,SALES_FLOOR,IMPINJ_CUSTOM,2026-06-24,Impinj chip tag
E2801191A5030061A2702DEF,ACC-BELT-BRN-M,LK001,SALES_FLOOR,IMPINJ_CUSTOM,2026-06-24,Impinj chip tag
E2801191A5030061A2702DEF,ACC-SCARF-BLU,LK001,SALES_FLOOR,IMPINJ_CUSTOM,2026-06-24,Impinj chip tag
E2801191A5030061A2702DEF,ACC-SCARF-RED,LK001,SALES_FLOOR,IMPINJ_CUSTOM,2026-06-24,Impinj chip tag
E2801191A5030061A270923F,ACC-WALLET-BLK,LK001,SALES_FLOOR,IMPINJ_CUSTOM,2026-06-24,Impinj chip tag
E2801191A5030061A270923F,ACC-WALLET-BRN,LK001,SALES_FLOOR,IMPINJ_CUSTOM,2026-06-24,Impinj chip tag
E2801191A5030061A270924F,ACC-BELT-BLK-M,LK001,SALES_FLOOR,IMPINJ_CUSTOM,2026-06-24,Impinj chip tag
E2801191A5030061A270924F,ACC-BELT-BRN-M,LK001,SALES_FLOOR,IMPINJ_CUSTOM,2026-06-24,Impinj chip tag
E2801191A5030061A27092DF,ACC-SCARF-BLU,LK001,SALES_FLOOR,IMPINJ_CUSTOM,2026-06-24,Impinj chip tag
E2801191A5030061A27092EF,ACC-SCARF-RED,LK001,SALES_FLOOR,IMPINJ_CUSTOM,2026-06-24,Impinj chip tag
E2801191A5030061A27092EF,ACC-WALLET-BLK,LK001,SALES_FLOOR,IMPINJ_CUSTOM,2026-06-24,Impinj chip tag
E2801191A5030061A27092EF,ACC-WALLET-BRN,LK001,SALES_FLOOR,IMPINJ_CUSTOM,2026-06-24,Impinj chip tag
E2801191A5030061A27092EF,ACC-BELT-BLK-M,LK001,SALES_FLOOR,IMPINJ_CUSTOM,2026-06-24,Impinj chip tag
E2801191A5030061A27092EF,ACC-BELT-BRN-M,LK001,SALES_FLOOR,IMPINJ_CUSTOM,2026-06-24,Impinj chip tag
E2801191A5030061A27092EF,ACC-SCARF-BLU,LK001,SALES_FLOOR,IMPINJ_CUSTOM,2026-06-24,Impinj chip tag
E2801191A5030061A270B73F,ACC-SCARF-RED,LK001,SALES_FLOOR,IMPINJ_CUSTOM,2026-06-24,Impinj chip tag
E2801191A5030061A270B73F,ACC-WALLET-BLK,LK001,SALES_FLOOR,IMPINJ_CUSTOM,2026-06-24,Impinj chip tag
E2801191A5030061A270B73F,ACC-WALLET-BRN,LK001,SALES_FLOOR,IMPINJ_CUSTOM,2026-06-24,Impinj chip tag
E2801191A5030061A270B74F,ACC-BELT-BLK-M,LK001,SALES_FLOOR,IMPINJ_CUSTOM,2026-06-24,Impinj chip tag
E2801191A5030061A270B74F,ACC-BELT-BRN-M,LK001,SALES_FLOOR,IMPINJ_CUSTOM,2026-06-24,Impinj chip tag
E2801191A503006340C505E4,ACC-SCARF-BLU,LK001,SALES_FLOOR,IMPINJ_CUSTOM,2026-06-24,Impinj chip tag
E2801191A503006340C505E4,ACC-SCARF-RED,LK001,SALES_FLOOR,IMPINJ_CUSTOM,2026-06-24,Impinj chip tag
E2801191A503006340C5AFD4,ACC-WALLET-BLK,LK001,SALES_FLOOR,IMPINJ_CUSTOM,2026-06-24,Impinj chip tag
E2801191A503006340C5AFD4,ACC-WALLET-BRN,LK001,SALES_FLOOR,IMPINJ_CUSTOM,2026-06-24,Impinj chip tag
E2801191A503006340C5AFF4,ACC-BELT-BLK-M,LK001,SALES_FLOOR,IMPINJ_CUSTOM,2026-06-24,Impinj chip tag
E2801191A503006340C5AFF4,ACC-BELT-BRN-M,LK001,SALES_FLOOR,IMPINJ_CUSTOM,2026-06-24,Impinj chip tag
E2801191A503006340C5AFF4,ACC-SCARF-BLU,LK001,SALES_FLOOR,IMPINJ_CUSTOM,2026-06-24,Impinj chip tag
E2801191A503006340C5AFF4,ACC-SCARF-RED,LK001,SALES_FLOOR,IMPINJ_CUSTOM,2026-06-24,Impinj chip tag
E2801191A503006340C5AFF4,ACC-WALLET-BLK,LK001,SALES_FLOOR,IMPINJ_CUSTOM,2026-06-24,Impinj chip tag
E2801191A503006340C5AFF4,ACC-WALLET-BRN,LK001,SALES_FLOOR,IMPINJ_CUSTOM,2026-06-24,Impinj chip tag
E2801191A503006340C5B4C5,ACC-BELT-BLK-M,LK001,SALES_FLOOR,IMPINJ_CUSTOM,2026-06-24,Impinj chip tag
E2801191A503006340C5B4C5,ACC-BELT-BRN-M,LK001,SALES_FLOOR,IMPINJ_CUSTOM,2026-06-24,Impinj chip tag
E2801191A503006340C5B4C5,ACC-SCARF-BLU,LK001,SALES_FLOOR,IMPINJ_CUSTOM,2026-06-24,Impinj chip tag
E2801191A503006340C5B4E5,ACC-SCARF-RED,LK001,SALES_FLOOR,IMPINJ_CUSTOM,2026-06-24,Impinj chip tag
E2801191A503006340C5B4E5,ACC-WALLET-BLK,LK001,SALES_FLOOR,IMPINJ_CUSTOM,2026-06-24,Impinj chip tag
E2801191A503006340C5B4E5,ACC-WALLET-BRN,LK001,SALES_FLOOR,IMPINJ_CUSTOM,2026-06-24,Impinj chip tag
E2801191A503006340C5B4E5,ACC-BELT-BLK-M,LK001,SALES_FLOOR,IMPINJ_CUSTOM,2026-06-24,Impinj chip tag
E2801191A503006340C5C015,ACC-BELT-BRN-M,LK001,SALES_FLOOR,IMPINJ_CUSTOM,2026-06-24,Impinj chip tag
E2801191A503006340C62554,ACC-SCARF-BLU,LK001,SALES_FLOOR,IMPINJ_CUSTOM,2026-06-24,Impinj chip tag
E2801191A503006340C62584,ACC-SCARF-RED,LK001,SALES_FLOOR,IMPINJ_CUSTOM,2026-06-24,Impinj chip tag
E2801191A503006340C62584,ACC-WALLET-BLK,LK001,SALES_FLOOR,IMPINJ_CUSTOM,2026-06-24,Impinj chip tag
E2801191A503006340C625B5,ACC-WALLET-BRN,LK001,SALES_FLOOR,IMPINJ_CUSTOM,2026-06-24,Impinj chip tag
E2801191A503006340C625B5,ACC-BELT-BLK-M,LK001,SALES_FLOOR,IMPINJ_CUSTOM,2026-06-24,Impinj chip tag
E2801191A503006340C625B5,ACC-BELT-BRN-M,LK001,SALES_FLOOR,IMPINJ_CUSTOM,2026-06-24,Impinj chip tag
E2801191A503006340C625B5,ACC-SCARF-BLU,LK001,SALES_FLOOR,IMPINJ_CUSTOM,2026-06-24,Impinj chip tag
E2801191A503006340C625B5,ACC-SCARF-RED,LK001,SALES_FLOOR,IMPINJ_CUSTOM,2026-06-24,Impinj chip tag
E2801191A503006340C625B5,ACC-WALLET-BLK,LK001,SALES_FLOOR,IMPINJ_CUSTOM,2026-06-24,Impinj chip tag
E2801191A503006340C625B5,ACC-WALLET-BRN,LK001,SALES_FLOOR,IMPINJ_CUSTOM,2026-06-24,Impinj chip tag
E2801191A503006340C625D5,ACC-BELT-BLK-M,LK001,SALES_FLOOR,IMPINJ_CUSTOM,2026-06-24,Impinj chip tag
E2801191A503006340C625D5,ACC-BELT-BRN-M,LK001,SALES_FLOOR,IMPINJ_CUSTOM,2026-06-24,Impinj chip tag
E2801191A503006340C625D5,ACC-SCARF-BLU,LK001,SALES_FLOOR,IMPINJ_CUSTOM,2026-06-24,Impinj chip tag
E2801191A503006340C68A34,ACC-SCARF-RED,LK001,SALES_FLOOR,IMPINJ_CUSTOM,2026-06-24,Impinj chip tag
E2801191A503006340C68A34,ACC-WALLET-BLK,LK001,SALES_FLOOR,IMPINJ_CUSTOM,2026-06-24,Impinj chip tag
E2801191A503006340C68A34,ACC-WALLET-BRN,LK001,SALES_FLOOR,IMPINJ_CUSTOM,2026-06-24,Impinj chip tag
E2801191A503006340C68A34,ACC-BELT-BLK-M,LK001,SALES_FLOOR,IMPINJ_CUSTOM,2026-06-24,Impinj chip tag
E2801191A503006340C68A34,ACC-BELT-BRN-M,LK001,SALES_FLOOR,IMPINJ_CUSTOM,2026-06-24,Impinj chip tag
E2801191A503006340C68A65,ACC-SCARF-BLU,LK001,SALES_FLOOR,IMPINJ_CUSTOM,2026-06-24,Impinj chip tag
E2801191A503006340C68AA4,ACC-SCARF-RED,LK001,SALES_FLOOR,IMPINJ_CUSTOM,2026-06-24,Impinj chip tag
E2801191A503006340C68AA4,ACC-WALLET-BLK,LK001,SALES_FLOOR,IMPINJ_CUSTOM,2026-06-24,Impinj chip tag
E2801191A503006340C68AA4,ACC-WALLET-BRN,LK001,SALES_FLOOR,IMPINJ_CUSTOM,2026-06-24,Impinj chip tag
E2801191A503006340C6EF34,ACC-BELT-BLK-M,LK001,SALES_FLOOR,IMPINJ_CUSTOM,2026-06-24,Impinj chip tag
E2801191A503006340C71404,ACC-BELT-BRN-M,LK001,SALES_FLOOR,IMPINJ_CUSTOM,2026-06-24,Impinj chip tag
E2801191A503006340C71404,ACC-SCARF-BLU,LK001,SALES_FLOOR,IMPINJ_CUSTOM,2026-06-24,Impinj chip tag
E2801191A503006340C714B4,ACC-SCARF-RED,LK001,SALES_FLOOR,IMPINJ_CUSTOM,2026-06-24,Impinj chip tag
E2801191A503006340C765D4,ACC-WALLET-BLK,LK001,SALES_FLOOR,IMPINJ_CUSTOM,2026-06-24,Impinj chip tag
E2801191A503006340C7EA54,ACC-WALLET-BRN,LK001,SALES_FLOOR,IMPINJ_CUSTOM,2026-06-24,Impinj chip tag
E2801191A503006340C7EA54,ACC-BELT-BLK-M,LK001,SALES_FLOOR,IMPINJ_CUSTOM,2026-06-24,Impinj chip tag
E2801191A503006340CAEAA8,ACC-BELT-BRN-M,LK001,SALES_FLOOR,IMPINJ_CUSTOM,2026-06-24,Impinj chip tag
E2801191A503006340CAEAA8,ACC-SCARF-BLU,LK001,SALES_FLOOR,IMPINJ_CUSTOM,2026-06-24,Impinj chip tag
E2801191A503006340CCCCB3,ACC-SCARF-RED,LK001,SALES_FLOOR,IMPINJ_CUSTOM,2026-06-24,Impinj chip tag
E2801191A503006340CCCCB3,ACC-WALLET-BLK,LK001,SALES_FLOOR,IMPINJ_CUSTOM,2026-06-24,Impinj chip tag
E2801191A503006340CCCCD3,ACC-WALLET-BRN,LK001,SALES_FLOOR,IMPINJ_CUSTOM,2026-06-24,Impinj chip tag
E2801191A503006340CCCCD3,ACC-BELT-BLK-M,LK001,SALES_FLOOR,IMPINJ_CUSTOM,2026-06-24,Impinj chip tag
E2801191A50300636F6D3748,ACC-BELT-BRN-M,LK001,SALES_FLOOR,IMPINJ_CUSTOM,2026-06-24,Impinj chip tag
E2801191A50300636F6D3748,ACC-SCARF-BLU,LK001,SALES_FLOOR,IMPINJ_CUSTOM,2026-06-24,Impinj chip tag
E2801191A50300636F6D3748,ACC-SCARF-RED,LK001,SALES_FLOOR,IMPINJ_CUSTOM,2026-06-24,Impinj chip tag
E2801191A50300636F6D3758,ACC-WALLET-BLK,LK001,SALES_FLOOR,IMPINJ_CUSTOM,2026-06-24,Impinj chip tag
E2801191A50300636F6D3758,ACC-WALLET-BRN,LK001,SALES_FLOOR,IMPINJ_CUSTOM,2026-06-24,Impinj chip tag
E2801191A50300636F6D3758,ACC-BELT-BLK-M,LK001,SALES_FLOOR,IMPINJ_CUSTOM,2026-06-24,Impinj chip tag
E2801191A50300636F6D3788,ACC-BELT-BRN-M,LK001,SALES_FLOOR,IMPINJ_CUSTOM,2026-06-24,Impinj chip tag
E2801191A50300636F6D3788,ACC-SCARF-BLU,LK001,SALES_FLOOR,IMPINJ_CUSTOM,2026-06-24,Impinj chip tag
E2801191A50300636F6D3798,ACC-SCARF-RED,LK001,SALES_FLOOR,IMPINJ_CUSTOM,2026-06-24,Impinj chip tag
E2801191A50300636F6D3798,ACC-WALLET-BLK,LK001,SALES_FLOOR,IMPINJ_CUSTOM,2026-06-24,Impinj chip tag
E2801191A50300636F6D3798,ACC-WALLET-BRN,LK001,SALES_FLOOR,IMPINJ_CUSTOM,2026-06-24,Impinj chip tag
E2801191A50300636F6D3798,ACC-BELT-BLK-M,LK001,SALES_FLOOR,IMPINJ_CUSTOM,2026-06-24,Impinj chip tag
E2801191A50300636F6E0D19,ACC-BELT-BRN-M,LK001,SALES_FLOOR,IMPINJ_CUSTOM,2026-06-24,Impinj chip tag
E2801191A50300636F6E0D19,ACC-SCARF-BLU,LK001,SALES_FLOOR,IMPINJ_CUSTOM,2026-06-24,Impinj chip tag
E2801191A50300636F6E0D58,ACC-SCARF-RED,LK001,SALES_FLOOR,IMPINJ_CUSTOM,2026-06-24,Impinj chip tag
E2801191A50300636F6E0D59,ACC-WALLET-BLK,LK001,SALES_FLOOR,IMPINJ_CUSTOM,2026-06-24,Impinj chip tag
E2801191A50300636F6E0D59,ACC-WALLET-BRN,LK001,SALES_FLOOR,IMPINJ_CUSTOM,2026-06-24,Impinj chip tag
E2801191A50300636F6E0D59,ACC-BELT-BLK-M,LK001,SALES_FLOOR,IMPINJ_CUSTOM,2026-06-24,Impinj chip tag
E2801191A50300636F6E0D69,ACC-BELT-BRN-M,LK001,SALES_FLOOR,IMPINJ_CUSTOM,2026-06-24,Impinj chip tag
E2801191A50300636F6E0D89,ACC-SCARF-BLU,LK001,SALES_FLOOR,IMPINJ_CUSTOM,2026-06-24,Impinj chip tag
E2801191A50300636F6E0D8A,ACC-SCARF-RED,LK001,SALES_FLOOR,IMPINJ_CUSTOM,2026-06-24,Impinj chip tag
E2801191A50300636F6E0D8A,ACC-WALLET-BLK,LK001,SALES_FLOOR,IMPINJ_CUSTOM,2026-06-24,Impinj chip tag
E2801191A50300636F6E0D8A,ACC-WALLET-BRN,LK001,SALES_FLOOR,IMPINJ_CUSTOM,2026-06-24,Impinj chip tag
E2801191A50300636F6E0DAA,ACC-BELT-BLK-M,LK001,SALES_FLOOR,IMPINJ_CUSTOM,2026-06-24,Impinj chip tag
E2801191A50300636F6E0DAA,ACC-BELT-BRN-M,LK001,SALES_FLOOR,IMPINJ_CUSTOM,2026-06-24,Impinj chip tag
E2801191A50300636F6E0DAA,ACC-SCARF-BLU,LK001,SALES_FLOOR,IMPINJ_CUSTOM,2026-06-24,Impinj chip tag
E2801191A50300636F6E0DBA,ACC-SCARF-RED,LK001,SALES_FLOOR,IMPINJ_CUSTOM,2026-06-24,Impinj chip tag
E2801191A50300636F6E0DBA,ACC-WALLET-BLK,LK001,SALES_FLOOR,IMPINJ_CUSTOM,2026-06-24,Impinj chip tag
E2801191A50300636F6E0DBA,ACC-WALLET-BRN,LK001,SALES_FLOOR,IMPINJ_CUSTOM,2026-06-24,Impinj chip tag
E2801191A50300636F6E7269,ACC-BELT-BLK-M,LK001,SALES_FLOOR,IMPINJ_CUSTOM,2026-06-24,Impinj chip tag
E2801191A50300636F6E7269,ACC-BELT-BRN-M,LK001,SALES_FLOOR,IMPINJ_CUSTOM,2026-06-24,Impinj chip tag
E2801191A50300636F6E7269,ACC-SCARF-BLU,LK001,SALES_FLOOR,IMPINJ_CUSTOM,2026-06-24,Impinj chip tag
E2801191A50300636F6E97C9,ACC-SCARF-RED,LK001,SALES_FLOOR,IMPINJ_CUSTOM,2026-06-24,Impinj chip tag
E2801191A50300636F6E97C9,ACC-WALLET-BLK,LK001,SALES_FLOOR,IMPINJ_CUSTOM,2026-06-24,Impinj chip tag
E2801191A50300636F6EA329,ACC-WALLET-BRN,LK001,SALES_FLOOR,IMPINJ_CUSTOM,2026-06-24,Impinj chip tag
E2801191A50300636F6EA329,ACC-BELT-BLK-M,LK001,SALES_FLOOR,IMPINJ_CUSTOM,2026-06-24,Impinj chip tag
E2801191A50300636F6EA329,ACC-BELT-BRN-M,LK001,SALES_FLOOR,IMPINJ_CUSTOM,2026-06-24,Impinj chip tag
E2801191A50300636F6FD759,ACC-SCARF-BLU,LK001,SALES_FLOOR,IMPINJ_CUSTOM,2026-06-24,Impinj chip tag
E2801191A50300636F6FD759,ACC-SCARF-RED,LK001,SALES_FLOOR,IMPINJ_CUSTOM,2026-06-24,Impinj chip tag
E2801191A50300636F709719,ACC-WALLET-BLK,LK001,SALES_FLOOR,IMPINJ_CUSTOM,2026-06-24,Impinj chip tag
E2801191A50300636F709719,ACC-WALLET-BRN,LK001,SALES_FLOOR,IMPINJ_CUSTOM,2026-06-24,Impinj chip tag
E2801191A50300636F709719,ACC-BELT-BLK-M,LK001,SALES_FLOOR,IMPINJ_CUSTOM,2026-06-24,Impinj chip tag
E2801191A50300636F709719,ACC-BELT-BRN-M,LK001,SALES_FLOOR,IMPINJ_CUSTOM,2026-06-24,Impinj chip tag
E2801191A50300636F709719,ACC-SCARF-BLU,LK001,SALES_FLOOR,IMPINJ_CUSTOM,2026-06-24,Impinj chip tag
E2801191A50300636F70B2D9,ACC-SCARF-RED,LK001,SALES_FLOOR,IMPINJ_CUSTOM,2026-06-24,Impinj chip tag
E2801191A50300636F70B2D9,ACC-WALLET-BLK,LK001,SALES_FLOOR,IMPINJ_CUSTOM,2026-06-24,Impinj chip tag
E2801191A50300636F70B2E9,ACC-WALLET-BRN,LK001,SALES_FLOOR,IMPINJ_CUSTOM,2026-06-24,Impinj chip tag
E2801191A50300636F70B2E9,ACC-BELT-BLK-M,LK001,SALES_FLOOR,IMPINJ_CUSTOM,2026-06-24,Impinj chip tag
